Configuration,VT_Count,Exp_Count,RMSE,RPE,Drift_Rate,Time
完整系统 (Baseline),335,442,152.1,1.18638,8.44062153163152,0.001752
去掉IMU,280,380,168,1.3104,9.32297447280799,0.000395
去掉LSTM,290,390,160,1.248,8.87902330743618,0.000441
去掉Transformer,295,400,158,1.2324,8.76803551609323,0.000422
去掉双流,300,410,156,1.2168,8.65704772475028,0.002643
去掉注意力,310,420,154,1.2012,8.54605993340733,0.000514
简化特征,290,390,160,1.248,8.87902330743618,0.000293
